TRXN_ID,TRXN_DT, TRXN_AMT ,TRXN_TYPE,ORIG_ID,ORIG_NM,BENEF_ID,BENEF_NM
1,1/1/2016,759.22,Check,0,Allison,2,Carl
2,1/1/2016,147.2,Check,1,Beatrice,4,Erick
3,1/1/2016,20.53,Cash,2,Carl,0,Allison
4,1/1/2016,65.91,Cash,3,Darren,6,Gavin
5,1/1/2016,139.28,Check,4,Erick,5,Florence
6,1/1/2016,324.42,Check,5,Florence,6,Gavin
7,1/1/2016,6781.03,Cash,6,Gavin,3,Darren
8,1/2/2016,6006.58,Cash,0,Allison,2,Carl
9,1/2/2016,27.41,Cash,1,Beatrice,6,Gavin
10,1/2/2016,21.4,Cash,2,Carl,0,Allison
11,1/2/2016,1926.9,Cash,3,Darren,6,Gavin
12,1/2/2016,7503.5,Cash,4,Erick,0,Allison
13,1/2/2016,4.24,Cash,5,Florence,4,Erick
14,1/2/2016,751.56,Check,6,Gavin,1,Beatrice
15,1/3/2016,55.22,Cash,0,Allison,4,Erick
16,1/3/2016,550.82,Cash,1,Beatrice,6,Gavin
17,1/3/2016,241.77,Cash,2,Carl,0,Allison
18,1/3/2016,294.01,Cash,3,Darren,6,Gavin
19,1/3/2016,34.92,Cash,4,Erick,5,Florence
20,1/3/2016,38.2,Cash,5,Florence,6,Gavin
21,1/3/2016,72.18,Cash,6,Gavin,3,Darren
22,1/4/2016,1885.89,Cash,0,Allison,4,Erick
23,1/4/2016,543.57,Check,1,Beatrice,6,Gavin
24,1/4/2016,242.75,Cash,2,Carl,0,Allison
25,1/4/2016,399.53,Cash,3,Darren,1,Beatrice
26,1/4/2016,316.64,Check,4,Erick,0,Allison
27,1/4/2016,8,Cash,5,Florence,6,Gavin
28,1/4/2016,15.96,Check,6,Gavin,3,Darren
29,1/5/2016,115.47,Check,0,Allison,4,Erick
30,1/5/2016,692.45,Cash,1,Beatrice,6,Gavin
31,1/5/2016,176.15,Cash,2,Carl,0,Allison
32,1/5/2016,509.4,Cash,3,Darren,1,Beatrice
33,1/5/2016,0.55,Cash,4,Erick,5,Florence
34,1/5/2016,85.46,Cash,5,Florence,6,Gavin
35,1/5/2016,1132.07,Cash,6,Gavin,3,Darren
36,1/6/2016,11.54,Cash,0,Allison,2,Carl
37,1/6/2016,138.98,Check,1,Beatrice,4,Erick
38,1/6/2016,274.1,Check,2,Carl,0,Allison
39,1/6/2016,6034.07,Cash,3,Darren,6,Gavin
40,1/6/2016,581.97,Cash,4,Erick,0,Allison
41,1/6/2016,137.03,Cash,5,Florence,4,Erick
42,1/6/2016,1202.25,Cash,6,Gavin,3,Darren
43,1/7/2016,3287.01,Cash,0,Allison,2,Carl
44,1/7/2016,2343.43,Cash,1,Beatrice,4,Erick
45,1/7/2016,8176.71,Check,2,Carl,0,Allison
46,1/7/2016,4461.44,Cash,3,Darren,6,Gavin
47,1/7/2016,21.01,Cash,4,Erick,5,Florence
48,1/7/2016,17.16,Check,5,Florence,4,Erick
49,1/7/2016,6702.79,Check,6,Gavin,3,Darren
50,1/8/2016,58.76,Cash,0,Allison,2,Carl
51,1/8/2016,7.63,Cash,1,Beatrice,4,Erick
52,1/8/2016,0.09,Cash,2,Carl,0,Allison
53,1/8/2016,298.44,Check,3,Darren,1,Beatrice
54,1/8/2016,5.42,Cash,4,Erick,5,Florence
55,1/8/2016,96.03,Cash,5,Florence,4,Erick
56,1/8/2016,299.33,Cash,6,Gavin,3,Darren
57,1/9/2016,7.01,Check,0,Allison,4,Erick
58,1/9/2016,20.09,Cash,1,Beatrice,4,Erick
59,1/9/2016,224.76,Cash,2,Carl,0,Allison
60,1/9/2016,75.95,Cash,3,Darren,6,Gavin
61,1/9/2016,25.71,Cash,4,Erick,1,Beatrice
62,1/9/2016,7.99,Cash,5,Florence,6,Gavin
63,1/9/2016,100.46,Check,6,Gavin,1,Beatrice
64,1/10/2016,39,Check,0,Allison,4,Erick
65,1/10/2016,5.33,Cash,1,Beatrice,4,Erick
66,1/10/2016,129.03,Cash,2,Carl,0,Allison
67,1/10/2016,20,Cash,3,Darren,1,Beatrice
68,1/10/2016,1681.5,Cash,4,Erick,5,Florence
69,1/10/2016,595.62,Check,5,Florence,6,Gavin
70,1/10/2016,796.81,Cash,6,Gavin,3,Darren
71,1/11/2016,134.11,Cash,0,Allison,2,Carl
72,1/11/2016,579.25,Check,1,Beatrice,6,Gavin
73,1/11/2016,2.27,Cash,2,Carl,0,Allison
74,1/11/2016,67.81,Cash,3,Darren,1,Beatrice
75,1/11/2016,3258.02,Cash,4,Erick,5,Florence
76,1/11/2016,113.96,Cash,5,Florence,4,Erick
77,1/11/2016,560.64,Cash,6,Gavin,3,Darren
78,1/12/2016,3862.76,Check,0,Allison,2,Carl
79,1/12/2016,405.28,Cash,1,Beatrice,6,Gavin
80,1/12/2016,4909.48,Check,2,Carl,0,Allison
81,1/12/2016,453.77,Cash,3,Darren,6,Gavin
82,1/12/2016,162.29,Check,4,Erick,0,Allison
83,1/12/2016,5612.26,Cash,5,Florence,4,Erick
84,1/12/2016,1.4,Cash,6,Gavin,3,Darren
85,1/13/2016,189.09,Cash,0,Allison,4,Erick
86,1/13/2016,80.74,Cash,1,Beatrice,4,Erick
87,1/13/2016,3.83,Check,2,Carl,0,Allison
88,1/13/2016,5050.68,Cash,3,Darren,6,Gavin
89,1/13/2016,40.92,Cash,4,Erick,0,Allison
90,1/13/2016,4.76,Cash,5,Florence,4,Erick
91,1/13/2016,33.45,Cash,6,Gavin,3,Darren
92,1/14/2016,814.85,Cash,0,Allison,4,Erick
93,1/14/2016,12.42,Cash,1,Beatrice,4,Erick
94,1/14/2016,274.67,Check,2,Carl,0,Allison
95,1/14/2016,8.21,Cash,3,Darren,6,Gavin
96,1/14/2016,52.17,Cash,4,Erick,0,Allison
97,1/14/2016,11.51,Cash,5,Florence,6,Gavin
98,1/14/2016,2.56,Cash,6,Gavin,3,Darren
99,1/15/2016,387.42,Cash,0,Allison,4,Erick
100,1/15/2016,52.63,Cash,1,Beatrice,6,Gavin
101,1/15/2016,56.82,Check,2,Carl,0,Allison
102,1/15/2016,50.64,Check,3,Darren,1,Beatrice
103,1/15/2016,186.56,Check,4,Erick,5,Florence
104,1/15/2016,21.7,Cash,5,Florence,6,Gavin
105,1/15/2016,12.07,Cash,6,Gavin,1,Beatrice
106,1/16/2016,40.81,Cash,0,Allison,4,Erick
107,1/16/2016,0.53,Cash,1,Beatrice,4,Erick
108,1/16/2016,38.73,Cash,2,Carl,0,Allison
109,1/16/2016,23.01,Check,3,Darren,6,Gavin
110,1/16/2016,0.41,Check,4,Erick,0,Allison
111,1/16/2016,82.25,Cash,5,Florence,4,Erick
112,1/16/2016,457.27,Cash,6,Gavin,3,Darren
113,1/17/2016,163.06,Check,0,Allison,4,Erick
114,1/17/2016,434.76,Check,1,Beatrice,3,Darren
115,1/17/2016,1155.04,Check,2,Carl,0,Allison
116,1/17/2016,2090.77,Cash,3,Darren,1,Beatrice
117,1/17/2016,340.1,Cash,4,Erick,5,Florence
118,1/17/2016,202.59,Check,5,Florence,4,Erick
119,1/17/2016,39.78,Cash,6,Gavin,3,Darren
120,1/18/2016,31.12,Cash,0,Allison,4,Erick
121,1/18/2016,191.96,Check,1,Beatrice,4,Erick
122,1/18/2016,24.97,Cash,2,Carl,0,Allison
123,1/18/2016,752.15,Cash,3,Darren,1,Beatrice
124,1/18/2016,580.68,Cash,4,Erick,0,Allison
125,1/18/2016,745.47,Check,5,Florence,4,Erick
126,1/18/2016,653.09,Check,6,Gavin,3,Darren
127,1/19/2016,747.73,Check,0,Allison,4,Erick
128,1/19/2016,426.46,Cash,1,Beatrice,6,Gavin
129,1/19/2016,525.34,Check,2,Carl,0,Allison
130,1/19/2016,17.53,Cash,3,Darren,6,Gavin
131,1/19/2016,56.24,Cash,4,Erick,0,Allison
132,1/19/2016,6707.35,Cash,5,Florence,4,Erick
133,1/19/2016,822.88,Check,6,Gavin,3,Darren
134,1/20/2016,247.26,Cash,0,Allison,2,Carl
135,1/20/2016,102.08,Cash,1,Beatrice,3,Darren
136,1/20/2016,65.65,Cash,2,Carl,0,Allison
137,1/20/2016,13.75,Cash,3,Darren,6,Gavin
138,1/20/2016,703.05,Cash,4,Erick,0,Allison
139,1/20/2016,315.06,Check,5,Florence,6,Gavin
140,1/20/2016,122.71,Check,6,Gavin,3,Darren
141,1/21/2016,337.53,Cash,0,Allison,4,Erick
142,1/21/2016,297.06,Cash,1,Beatrice,6,Gavin
143,1/21/2016,340.93,Cash,2,Carl,0,Allison
144,1/21/2016,2143.18,Check,3,Darren,1,Beatrice
145,1/21/2016,1949.49,Check,4,Erick,0,Allison
146,1/21/2016,64.49,Cash,5,Florence,6,Gavin
147,1/21/2016,4247.1,Cash,6,Gavin,3,Darren
148,1/22/2016,61.96,Cash,0,Allison,2,Carl
149,1/22/2016,248.08,Cash,1,Beatrice,6,Gavin
150,1/22/2016,33.54,Cash,2,Carl,0,Allison
151,1/22/2016,297.7,Check,3,Darren,1,Beatrice
152,1/22/2016,237.67,Cash,4,Erick,0,Allison
153,1/22/2016,96.72,Cash,5,Florence,4,Erick
154,1/22/2016,47.5,Cash,6,Gavin,3,Darren
155,1/23/2016,4.99,Cash,0,Allison,2,Carl
156,1/23/2016,678.76,Cash,1,Beatrice,6,Gavin
157,1/23/2016,0.26,Cash,2,Carl,0,Allison
158,1/23/2016,3241.99,Check,3,Darren,6,Gavin
159,1/23/2016,131.4,Cash,4,Erick,0,Allison
160,1/23/2016,73.63,Cash,5,Florence,4,Erick
161,1/23/2016,3.36,Cash,6,Gavin,3,Darren
162,1/24/2016,6.18,Cash,0,Allison,2,Carl
163,1/24/2016,186.4,Check,1,Beatrice,4,Erick
164,1/24/2016,63.38,Cash,2,Carl,0,Allison
165,1/24/2016,13.74,Cash,3,Darren,6,Gavin
166,1/24/2016,18.37,Cash,4,Erick,0,Allison
167,1/24/2016,68.03,Cash,5,Florence,4,Erick
168,1/24/2016,6.83,Cash,6,Gavin,3,Darren
169,1/25/2016,6.34,Cash,0,Allison,4,Erick
170,1/25/2016,620.42,Cash,1,Beatrice,6,Gavin
171,1/25/2016,4428.51,Cash,2,Carl,0,Allison
172,1/25/2016,192.8,Check,3,Darren,6,Gavin
173,1/25/2016,222.84,Check,4,Erick,5,Florence
174,1/25/2016,21.12,Cash,5,Florence,6,Gavin
175,1/25/2016,152.23,Cash,6,Gavin,3,Darren
176,1/26/2016,134.94,Check,0,Allison,4,Erick
177,1/26/2016,2016.68,Cash,1,Beatrice,6,Gavin
178,1/26/2016,79.24,Cash,2,Carl,0,Allison
179,1/26/2016,8.23,Cash,3,Darren,6,Gavin
180,1/26/2016,77.75,Check,4,Erick,5,Florence
181,1/26/2016,394.97,Cash,5,Florence,4,Erick
182,1/26/2016,204.12,Check,6,Gavin,5,Florence
183,1/27/2016,36.51,Cash,0,Allison,4,Erick
184,1/27/2016,553.54,Cash,1,Beatrice,6,Gavin
185,1/27/2016,5052.33,Check,2,Carl,0,Allison
186,1/27/2016,820.54,Cash,3,Darren,6,Gavin
187,1/27/2016,320.78,Check,4,Erick,0,Allison
188,1/27/2016,77.29,Cash,5,Florence,4,Erick
189,1/27/2016,114.28,Check,6,Gavin,3,Darren
190,1/28/2016,3722.58,Cash,0,Allison,2,Carl
191,1/28/2016,6.51,Cash,1,Beatrice,6,Gavin
192,1/28/2016,1494.43,Cash,2,Carl,0,Allison
193,1/28/2016,918.01,Check,3,Darren,6,Gavin
194,1/28/2016,457.71,Cash,4,Erick,0,Allison
195,1/28/2016,59.38,Cash,5,Florence,4,Erick
196,1/28/2016,49.27,Cash,6,Gavin,1,Beatrice
197,1/29/2016,15.24,Cash,0,Allison,2,Carl
198,1/29/2016,294.45,Check,1,Beatrice,4,Erick
199,1/29/2016,702.55,Check,2,Carl,0,Allison
200,1/29/2016,403.13,Check,3,Darren,6,Gavin
201,1/29/2016,26.69,Cash,4,Erick,0,Allison
202,1/29/2016,2441.69,Cash,5,Florence,4,Erick
203,1/29/2016,8.09,Cash,6,Gavin,1,Beatrice
204,1/30/2016,931.34,Cash,0,Allison,2,Carl
205,1/30/2016,165.48,Cash,1,Beatrice,3,Darren
206,1/30/2016,54.99,Cash,2,Carl,0,Allison
207,1/30/2016,33.72,Cash,3,Darren,6,Gavin
208,1/30/2016,24.94,Cash,4,Erick,0,Allison
209,1/30/2016,53.75,Cash,5,Florence,4,Erick
210,1/30/2016,812.95,Check,6,Gavin,3,Darren
211,1/31/2016,384.28,Cash,0,Allison,4,Erick
212,1/31/2016,73.84,Cash,1,Beatrice,4,Erick
213,1/31/2016,83.74,Cash,2,Carl,0,Allison
214,1/31/2016,27.57,Check,3,Darren,6,Gavin
215,1/31/2016,51.18,Check,4,Erick,5,Florence
216,1/31/2016,290.11,Check,5,Florence,6,Gavin
217,1/31/2016,148.38,Cash,6,Gavin,3,Darren
218,2/1/2016,370.2,Check,0,Allison,4,Erick
219,2/1/2016,50.33,Cash,1,Beatrice,4,Erick
220,2/1/2016,104.06,Cash,2,Carl,0,Allison
221,2/1/2016,113.19,Cash,3,Darren,6,Gavin
222,2/1/2016,780.89,Cash,4,Erick,0,Allison
223,2/1/2016,0.03,Cash,5,Florence,4,Erick
224,2/1/2016,33.88,Cash,6,Gavin,3,Darren
225,2/2/2016,17.16,Check,0,Allison,2,Carl
226,2/2/2016,294.26,Check,1,Beatrice,6,Gavin
227,2/2/2016,332.4,Check,2,Carl,0,Allison
228,2/2/2016,1430.46,Cash,3,Darren,1,Beatrice
229,2/2/2016,367.68,Cash,4,Erick,5,Florence
230,2/2/2016,427.03,Cash,5,Florence,4,Erick
231,2/2/2016,737.45,Cash,6,Gavin,3,Darren
232,2/3/2016,430.36,Check,0,Allison,2,Carl
233,2/3/2016,20.05,Check,1,Beatrice,4,Erick
234,2/3/2016,255.12,Cash,2,Carl,0,Allison
235,2/3/2016,74.02,Check,3,Darren,1,Beatrice
236,2/3/2016,11.68,Cash,4,Erick,0,Allison
237,2/3/2016,60.45,Cash,5,Florence,4,Erick
238,2/3/2016,245.51,Check,6,Gavin,1,Beatrice
239,2/4/2016,28.86,Cash,0,Allison,4,Erick
240,2/4/2016,178.3,Cash,1,Beatrice,4,Erick
241,2/4/2016,1558.92,Cash,2,Carl,0,Allison
242,2/4/2016,3.74,Cash,3,Darren,1,Beatrice
243,2/4/2016,35.31,Cash,4,Erick,5,Florence
244,2/4/2016,87.25,Cash,5,Florence,6,Gavin
245,2/4/2016,52.63,Cash,6,Gavin,3,Darren
246,2/5/2016,24.54,Cash,0,Allison,2,Carl
247,2/5/2016,72.89,Cash,1,Beatrice,6,Gavin
248,2/5/2016,6.47,Cash,2,Carl,0,Allison
249,2/5/2016,640.55,Cash,3,Darren,6,Gavin
250,2/5/2016,28.84,Cash,4,Erick,0,Allison
251,2/5/2016,15.42,Cash,5,Florence,6,Gavin
252,2/5/2016,9.93,Cash,6,Gavin,3,Darren
253,2/6/2016,149.25,Check,0,Allison,2,Carl
254,2/6/2016,324,Cash,1,Beatrice,4,Erick
255,2/6/2016,56.02,Cash,2,Carl,0,Allison
256,2/6/2016,27.3,Cash,3,Darren,6,Gavin
257,2/6/2016,4241.33,Check,4,Erick,0,Allison
258,2/6/2016,6427,Check,5,Florence,4,Erick
259,2/6/2016,57.82,Cash,6,Gavin,3,Darren
260,2/7/2016,5574.44,Check,0,Allison,2,Carl
261,2/7/2016,72.71,Cash,1,Beatrice,6,Gavin
262,2/7/2016,1.73,Check,2,Carl,0,Allison
263,2/7/2016,58.52,Cash,3,Darren,6,Gavin
264,2/7/2016,5977.99,Cash,4,Erick,1,Beatrice
265,2/7/2016,43.39,Cash,5,Florence,6,Gavin
266,2/7/2016,19.78,Check,6,Gavin,3,Darren
267,2/8/2016,349.5,Cash,0,Allison,2,Carl
268,2/8/2016,649.97,Check,1,Beatrice,6,Gavin
269,2/8/2016,2847.71,Check,2,Carl,0,Allison
270,2/8/2016,7280.53,Check,3,Darren,6,Gavin
271,2/8/2016,818.67,Cash,4,Erick,0,Allison
272,2/8/2016,94.98,Check,5,Florence,6,Gavin
273,2/8/2016,3.4,Cash,6,Gavin,3,Darren
274,2/9/2016,499.28,Cash,0,Allison,4,Erick
275,2/9/2016,6977.26,Check,1,Beatrice,4,Erick
276,2/9/2016,203.99,Check,2,Carl,0,Allison
277,2/9/2016,30.08,Check,3,Darren,6,Gavin
278,2/9/2016,446.51,Check,4,Erick,5,Florence
279,2/9/2016,36.8,Cash,5,Florence,4,Erick
280,2/9/2016,16.16,Cash,6,Gavin,1,Beatrice
281,2/10/2016,247.6,Cash,0,Allison,2,Carl
282,2/10/2016,0.69,Cash,1,Beatrice,3,Darren
283,2/10/2016,1765.03,Cash,2,Carl,0,Allison
284,2/10/2016,16.49,Cash,3,Darren,6,Gavin
285,2/10/2016,4124,Check,4,Erick,0,Allison
286,2/10/2016,776.21,Cash,5,Florence,6,Gavin
287,2/10/2016,0.96,Cash,6,Gavin,3,Darren
288,2/11/2016,109.91,Check,0,Allison,2,Carl
289,2/11/2016,9.32,Cash,1,Beatrice,3,Darren
290,2/11/2016,406.77,Check,2,Carl,0,Allison
291,2/11/2016,453.94,Check,3,Darren,6,Gavin
292,2/11/2016,67.18,Cash,4,Erick,5,Florence
293,2/11/2016,434.12,Check,5,Florence,4,Erick
294,2/11/2016,1651.1,Cash,6,Gavin,1,Beatrice
295,2/12/2016,164.65,Cash,0,Allison,2,Carl
296,2/12/2016,244,Check,1,Beatrice,6,Gavin
297,2/12/2016,303.84,Cash,2,Carl,0,Allison
298,2/12/2016,51.26,Cash,3,Darren,1,Beatrice
299,2/12/2016,31.19,Cash,4,Erick,0,Allison
300,2/12/2016,205.09,Check,5,Florence,4,Erick
301,2/12/2016,0.73,Cash,6,Gavin,3,Darren
302,2/13/2016,334.04,Check,0,Allison,4,Erick
303,2/13/2016,41.83,Cash,1,Beatrice,4,Erick
304,2/13/2016,335.81,Cash,2,Carl,0,Allison
305,2/13/2016,2218.07,Check,3,Darren,6,Gavin
306,2/13/2016,14.36,Cash,4,Erick,5,Florence
307,2/13/2016,47.35,Cash,5,Florence,4,Erick
308,2/13/2016,390.1,Check,6,Gavin,1,Beatrice
309,2/14/2016,57.04,Check,0,Allison,2,Carl
310,2/14/2016,1.63,Cash,1,Beatrice,6,Gavin
311,2/14/2016,318.2,Cash,2,Carl,0,Allison
312,2/14/2016,48.68,Cash,3,Darren,6,Gavin
313,2/14/2016,225.88,Check,4,Erick,5,Florence
314,2/14/2016,692.03,Cash,5,Florence,6,Gavin
315,2/14/2016,44.24,Cash,6,Gavin,3,Darren
316,2/15/2016,385.73,Cash,0,Allison,2,Carl
317,2/15/2016,13.34,Cash,1,Beatrice,4,Erick
318,2/15/2016,28,Check,2,Carl,0,Allison
319,2/15/2016,6730.47,Check,3,Darren,1,Beatrice
320,2/15/2016,242.58,Check,4,Erick,5,Florence
321,2/15/2016,23.02,Cash,5,Florence,6,Gavin
322,2/15/2016,611.14,Check,6,Gavin,3,Darren
323,2/16/2016,97.08,Cash,0,Allison,2,Carl
324,2/16/2016,532.11,Cash,1,Beatrice,4,Erick
325,2/16/2016,235.12,Check,2,Carl,0,Allison
326,2/16/2016,53.79,Cash,3,Darren,6,Gavin
327,2/16/2016,52.19,Cash,4,Erick,0,Allison
328,2/16/2016,66.19,Cash,5,Florence,4,Erick
329,2/16/2016,591.25,Cash,6,Gavin,3,Darren
330,2/17/2016,517.53,Check,0,Allison,2,Carl
331,2/17/2016,77.95,Cash,1,Beatrice,6,Gavin
332,2/17/2016,277.32,Check,2,Carl,0,Allison
333,2/17/2016,321.54,Cash,3,Darren,6,Gavin
334,2/17/2016,38.71,Cash,4,Erick,0,Allison
335,2/17/2016,5277.11,Cash,5,Florence,6,Gavin
336,2/17/2016,36.07,Check,6,Gavin,1,Beatrice
337,2/18/2016,4.93,Cash,0,Allison,4,Erick
338,2/18/2016,9.29,Cash,1,Beatrice,6,Gavin
339,2/18/2016,0.33,Cash,2,Carl,0,Allison
340,2/18/2016,59.55,Cash,3,Darren,6,Gavin
341,2/18/2016,53.94,Cash,4,Erick,0,Allison
342,2/18/2016,665.93,Check,5,Florence,6,Gavin
343,2/18/2016,76.81,Cash,6,Gavin,3,Darren
344,2/19/2016,225.52,Check,0,Allison,4,Erick
345,2/19/2016,9.45,Check,1,Beatrice,6,Gavin
346,2/19/2016,70.41,Cash,2,Carl,0,Allison
347,2/19/2016,4.71,Cash,3,Darren,6,Gavin
348,2/19/2016,40.21,Cash,4,Erick,5,Florence
349,2/19/2016,97.83,Cash,5,Florence,6,Gavin
350,2/19/2016,40.71,Check,6,Gavin,3,Darren
351,2/20/2016,20.62,Cash,0,Allison,4,Erick
352,2/20/2016,201.96,Check,1,Beatrice,4,Erick
353,2/20/2016,115.63,Cash,2,Carl,0,Allison
354,2/20/2016,736.85,Cash,3,Darren,6,Gavin
355,2/20/2016,8.71,Cash,4,Erick,5,Florence
356,2/20/2016,108.29,Check,5,Florence,4,Erick
357,2/20/2016,8.28,Cash,6,Gavin,1,Beatrice
358,2/21/2016,165.33,Check,0,Allison,4,Erick
359,2/21/2016,1690.65,Check,1,Beatrice,4,Erick
360,2/21/2016,6.65,Cash,2,Carl,0,Allison
361,2/21/2016,542.78,Check,3,Darren,6,Gavin
362,2/21/2016,9.9,Cash,4,Erick,0,Allison
363,2/21/2016,105.51,Cash,5,Florence,4,Erick
364,2/21/2016,366.32,Cash,6,Gavin,3,Darren
365,2/22/2016,3537.39,Cash,0,Allison,2,Carl
366,2/22/2016,840.97,Check,1,Beatrice,3,Darren
367,2/22/2016,14.92,Check,2,Carl,0,Allison
368,2/22/2016,56.74,Cash,3,Darren,6,Gavin
369,2/22/2016,1424.87,Cash,4,Erick,0,Allison
370,2/22/2016,9.58,Cash,5,Florence,4,Erick
371,2/22/2016,31.99,Cash,6,Gavin,3,Darren
372,2/23/2016,714.87,Cash,0,Allison,2,Carl
373,2/23/2016,1.44,Cash,1,Beatrice,4,Erick
374,2/23/2016,251.2,Cash,2,Carl,0,Allison
375,2/23/2016,26.09,Cash,3,Darren,6,Gavin
376,2/23/2016,28.9,Check,4,Erick,0,Allison
377,2/23/2016,2324.93,Cash,5,Florence,4,Erick
378,2/23/2016,1392.81,Check,6,Gavin,3,Darren
379,2/24/2016,57.3,Cash,0,Allison,2,Carl
380,2/24/2016,296.73,Check,1,Beatrice,6,Gavin
381,2/24/2016,336.52,Cash,2,Carl,0,Allison
382,2/24/2016,1686.81,Cash,3,Darren,6,Gavin
383,2/24/2016,27.07,Cash,4,Erick,5,Florence
384,2/24/2016,10.29,Cash,5,Florence,4,Erick
385,2/24/2016,32.98,Cash,6,Gavin,3,Darren
386,2/25/2016,0.8,Cash,0,Allison,4,Erick
387,2/25/2016,31.06,Check,1,Beatrice,6,Gavin
388,2/25/2016,28.23,Check,2,Carl,0,Allison
389,2/25/2016,12.26,Cash,3,Darren,1,Beatrice
390,2/25/2016,9.67,Cash,4,Erick,0,Allison
391,2/25/2016,794.36,Cash,5,Florence,6,Gavin
392,2/25/2016,70.42,Check,6,Gavin,3,Darren
393,2/26/2016,1599.43,Check,0,Allison,2,Carl
394,2/26/2016,41.44,Cash,1,Beatrice,4,Erick
395,2/26/2016,2.12,Cash,2,Carl,0,Allison
396,2/26/2016,24.7,Cash,3,Darren,1,Beatrice
397,2/26/2016,856.66,Cash,4,Erick,5,Florence
398,2/26/2016,307.96,Check,5,Florence,4,Erick
399,2/26/2016,4811.44,Check,6,Gavin,3,Darren
400,2/27/2016,2560.45,Cash,0,Allison,4,Erick
401,2/27/2016,3029.63,Cash,1,Beatrice,6,Gavin
402,2/27/2016,58.5,Cash,2,Carl,0,Allison
403,2/27/2016,3222.65,Cash,3,Darren,6,Gavin
404,2/27/2016,136.59,Cash,4,Erick,0,Allison
405,2/27/2016,1996.11,Check,5,Florence,4,Erick
406,2/27/2016,979.45,Check,6,Gavin,3,Darren
407,2/28/2016,343.85,Cash,0,Allison,4,Erick
408,2/28/2016,451.07,Check,1,Beatrice,4,Erick
409,2/28/2016,4121.06,Check,2,Carl,0,Allison
410,2/28/2016,23.19,Cash,3,Darren,6,Gavin
411,2/28/2016,17.61,Check,4,Erick,5,Florence
412,2/28/2016,51.83,Cash,5,Florence,4,Erick
413,2/28/2016,39.9,Cash,6,Gavin,1,Beatrice
414,2/29/2016,34.64,Cash,0,Allison,2,Carl
415,2/29/2016,348.06,Check,1,Beatrice,4,Erick
416,2/29/2016,1180.4,Check,2,Carl,0,Allison
417,2/29/2016,99.37,Check,3,Darren,1,Beatrice
418,2/29/2016,19.06,Cash,4,Erick,0,Allison
419,2/29/2016,211.54,Cash,5,Florence,6,Gavin
420,2/29/2016,694.86,Check,6,Gavin,3,Darren
421,3/1/2016,29.33,Check,0,Allison,2,Carl
422,3/1/2016,1451.45,Cash,1,Beatrice,4,Erick
423,3/1/2016,2.03,Cash,2,Carl,0,Allison
424,3/1/2016,46.04,Cash,3,Darren,6,Gavin
425,3/1/2016,140.78,Check,4,Erick,0,Allison
426,3/1/2016,163.89,Check,5,Florence,4,Erick
427,3/1/2016,18.18,Cash,6,Gavin,3,Darren
428,3/2/2016,187.77,Check,0,Allison,2,Carl
429,3/2/2016,423.8,Cash,1,Beatrice,6,Gavin
430,3/2/2016,36.36,Cash,2,Carl,0,Allison
431,3/2/2016,103.95,Check,3,Darren,6,Gavin
432,3/2/2016,102.35,Cash,4,Erick,0,Allison
433,3/2/2016,136.29,Check,5,Florence,4,Erick
434,3/2/2016,305.38,Cash,6,Gavin,3,Darren
435,3/3/2016,47.15,Cash,0,Allison,4,Erick
436,3/3/2016,410.74,Cash,1,Beatrice,4,Erick
437,3/3/2016,288.83,Cash,2,Carl,0,Allison
438,3/3/2016,41.55,Cash,3,Darren,6,Gavin
439,3/3/2016,584.43,Check,4,Erick,5,Florence
440,3/3/2016,2930.84,Cash,5,Florence,4,Erick
441,3/3/2016,2849.04,Check,6,Gavin,3,Darren
442,3/4/2016,27.37,Cash,0,Allison,4,Erick
443,3/4/2016,72.21,Check,1,Beatrice,6,Gavin
444,3/4/2016,238.85,Check,2,Carl,0,Allison
445,3/4/2016,2738.85,Cash,4,Erick,5,Florence
446,3/4/2016,81.77,Cash,5,Florence,4,Erick
447,3/4/2016,261.63,Cash,6,Gavin,1,Beatrice
448,3/5/2016,12.61,Cash,0,Allison,4,Erick
449,3/5/2016,64.25,Check,1,Beatrice,4,Erick
450,3/5/2016,662.95,Cash,2,Carl,0,Allison
451,3/5/2016,43.74,Check,4,Erick,0,Allison
452,3/5/2016,102.9,Check,5,Florence,4,Erick
453,3/5/2016,38.69,Cash,6,Gavin,3,Darren
454,3/6/2016,5.57,Cash,0,Allison,4,Erick
455,3/6/2016,637.39,Check,1,Beatrice,4,Erick
456,3/6/2016,44.48,Cash,2,Carl,0,Allison
457,3/6/2016,15.56,Cash,4,Erick,1,Beatrice
458,3/6/2016,183.35,Cash,5,Florence,4,Erick
459,3/6/2016,986.66,Check,6,Gavin,3,Darren
460,3/7/2016,637.19,Cash,0,Allison,2,Carl
461,3/7/2016,9.21,Cash,1,Beatrice,6,Gavin
462,3/7/2016,506.94,Cash,2,Carl,0,Allison
463,3/7/2016,775.53,Check,4,Erick,5,Florence
464,3/7/2016,29.66,Cash,5,Florence,4,Erick
465,3/7/2016,268.99,Check,6,Gavin,3,Darren
466,3/8/2016,256.89,Cash,0,Allison,4,Erick
467,3/8/2016,36.24,Cash,1,Beatrice,6,Gavin
468,3/8/2016,12.3,Cash,2,Carl,0,Allison
469,3/8/2016,596.83,Cash,4,Erick,5,Florence
470,3/8/2016,2074.28,Check,5,Florence,4,Erick
471,3/8/2016,17.09,Cash,6,Gavin,3,Darren
472,3/9/2016,198.61,Check,0,Allison,4,Erick
473,3/9/2016,9.35,Cash,1,Beatrice,6,Gavin
474,3/9/2016,290.84,Cash,2,Carl,0,Allison
475,3/9/2016,5177.08,Cash,4,Erick,5,Florence
476,3/9/2016,6043.23,Check,5,Florence,6,Gavin
477,3/9/2016,2074.55,Check,6,Gavin,3,Darren
478,3/10/2016,175.47,Check,0,Allison,4,Erick
479,3/10/2016,36.44,Cash,1,Beatrice,4,Erick
480,3/10/2016,490.49,Check,2,Carl,0,Allison
481,3/10/2016,40.49,Cash,4,Erick,0,Allison
482,3/10/2016,2256.2,Cash,5,Florence,6,Gavin
483,3/10/2016,70.06,Cash,6,Gavin,3,Darren
484,3/11/2016,475.6,Check,0,Allison,2,Carl
485,3/11/2016,256.39,Cash,1,Beatrice,6,Gavin
486,3/11/2016,1480.64,Check,2,Carl,0,Allison
487,3/11/2016,28.23,Cash,4,Erick,0,Allison
488,3/11/2016,6795.52,Cash,5,Florence,4,Erick
489,3/11/2016,1785.94,Cash,6,Gavin,1,Beatrice
490,3/12/2016,3647.63,Check,0,Allison,4,Erick
491,3/12/2016,22.68,Cash,1,Beatrice,6,Gavin
492,3/12/2016,22.03,Cash,2,Carl,0,Allison
493,3/12/2016,4,Check,4,Erick,0,Allison
494,3/12/2016,925.55,Cash,5,Florence,4,Erick
495,3/12/2016,76.24,Cash,6,Gavin,3,Darren
496,3/13/2016,522.71,Check,0,Allison,4,Erick
497,3/13/2016,9.32,Cash,1,Beatrice,4,Erick
498,3/13/2016,350.96,Check,2,Carl,0,Allison
499,3/13/2016,378.31,Check,4,Erick,5,Florence
500,3/13/2016,72.91,Cash,5,Florence,4,Erick
501,3/13/2016,268.96,Check,6,Gavin,3,Darren
502,3/14/2016,2954.31,Cash,0,Allison,2,Carl
503,3/14/2016,67.26,Cash,1,Beatrice,4,Erick
504,3/14/2016,3006.68,Check,2,Carl,0,Allison
505,3/14/2016,25.4,Cash,4,Erick,5,Florence
506,3/14/2016,12.97,Check,5,Florence,4,Erick
507,3/14/2016,452.29,Cash,6,Gavin,3,Darren
508,3/15/2016,744.32,Check,0,Allison,4,Erick
509,3/15/2016,228.93,Cash,1,Beatrice,3,Darren
510,3/15/2016,0.67,Check,2,Carl,0,Allison
511,3/15/2016,73.71,Check,4,Erick,1,Beatrice
512,3/15/2016,215.59,Cash,5,Florence,4,Erick
513,3/15/2016,556.58,Check,6,Gavin,1,Beatrice
514,3/16/2016,34.91,Cash,0,Allison,4,Erick
515,3/16/2016,188.75,Cash,1,Beatrice,6,Gavin
516,3/16/2016,7875.4,Cash,2,Carl,0,Allison
517,3/16/2016,595.52,Check,4,Erick,0,Allison
518,3/16/2016,128.65,Check,5,Florence,4,Erick
519,3/16/2016,2.85,Cash,6,Gavin,3,Darren
520,3/17/2016,43.17,Cash,0,Allison,2,Carl
521,3/17/2016,0.49,Cash,1,Beatrice,3,Darren
522,3/17/2016,238.87,Check,2,Carl,0,Allison
523,3/17/2016,323.6,Cash,4,Erick,0,Allison
524,3/17/2016,6.86,Check,5,Florence,6,Gavin
525,3/17/2016,61.52,Cash,6,Gavin,3,Darren
526,3/18/2016,0.69,Check,0,Allison,4,Erick
527,3/18/2016,5017.06,Check,1,Beatrice,6,Gavin
528,3/18/2016,73.16,Cash,2,Carl,0,Allison
529,3/18/2016,42.17,Cash,4,Erick,5,Florence
530,3/18/2016,3679.75,Cash,5,Florence,6,Gavin
531,3/18/2016,569.1,Check,6,Gavin,3,Darren
532,3/19/2016,175.8,Check,0,Allison,2,Carl
533,3/19/2016,22.87,Cash,1,Beatrice,4,Erick
534,3/19/2016,3642.6,Cash,2,Carl,0,Allison
535,3/19/2016,29.65,Cash,4,Erick,5,Florence
536,3/19/2016,12.94,Cash,5,Florence,4,Erick
537,3/19/2016,130.14,Cash,6,Gavin,3,Darren
538,3/20/2016,29.8,Cash,0,Allison,4,Erick
539,3/20/2016,74.02,Cash,1,Beatrice,6,Gavin
540,3/20/2016,1299.87,Check,2,Carl,0,Allison
541,3/20/2016,22.33,Cash,4,Erick,0,Allison
542,3/20/2016,363.71,Check,5,Florence,4,Erick
543,3/20/2016,781.12,Check,6,Gavin,3,Darren
544,3/21/2016,6.52,Cash,0,Allison,4,Erick
545,3/21/2016,75.83,Cash,1,Beatrice,4,Erick
546,3/21/2016,904.47,Check,2,Carl,0,Allison
547,3/21/2016,41.21,Cash,4,Erick,5,Florence
548,3/21/2016,171.36,Check,5,Florence,6,Gavin
549,3/21/2016,431.93,Cash,6,Gavin,3,Darren
550,3/22/2016,675.75,Cash,0,Allison,4,Erick
551,3/22/2016,1.09,Cash,1,Beatrice,6,Gavin
552,3/22/2016,3.03,Check,2,Carl,0,Allison
553,3/22/2016,489.86,Check,4,Erick,5,Florence
554,3/22/2016,328.33,Cash,5,Florence,4,Erick
555,3/22/2016,317.74,Cash,6,Gavin,3,Darren
556,3/23/2016,30.11,Check,0,Allison,4,Erick
557,3/23/2016,674.19,Cash,1,Beatrice,4,Erick
558,3/23/2016,4277.35,Cash,2,Carl,0,Allison
559,3/23/2016,99.19,Cash,4,Erick,0,Allison
560,3/23/2016,130.25,Cash,5,Florence,6,Gavin
561,3/23/2016,15.46,Cash,6,Gavin,1,Beatrice
562,3/24/2016,14.16,Cash,0,Allison,4,Erick
563,3/24/2016,31.39,Cash,1,Beatrice,6,Gavin
564,3/24/2016,38.61,Cash,2,Carl,0,Allison
565,3/24/2016,71.37,Cash,4,Erick,0,Allison
566,3/24/2016,12.61,Cash,5,Florence,6,Gavin
567,3/24/2016,3.15,Cash,6,Gavin,1,Beatrice
568,3/25/2016,24.36,Cash,0,Allison,4,Erick
569,3/25/2016,15.22,Cash,1,Beatrice,6,Gavin
570,3/25/2016,0.27,Check,2,Carl,0,Allison
571,3/25/2016,5.66,Check,4,Erick,0,Allison
572,3/25/2016,145.75,Check,5,Florence,6,Gavin
573,3/25/2016,19.55,Cash,6,Gavin,3,Darren
574,3/26/2016,773.81,Check,0,Allison,4,Erick
575,3/26/2016,249.54,Check,1,Beatrice,4,Erick
576,3/26/2016,33.06,Cash,2,Carl,0,Allison
577,3/26/2016,677.41,Check,4,Erick,0,Allison
578,3/26/2016,65.16,Cash,5,Florence,4,Erick
579,3/26/2016,9.01,Cash,6,Gavin,1,Beatrice
580,3/27/2016,180.03,Check,0,Allison,4,Erick
581,3/27/2016,7736.91,Check,1,Beatrice,6,Gavin
582,3/27/2016,2172.16,Check,2,Carl,0,Allison
583,3/27/2016,195.7,Check,4,Erick,0,Allison
584,3/27/2016,2913.9,Cash,5,Florence,4,Erick
585,3/27/2016,3543.35,Check,6,Gavin,3,Darren
586,3/28/2016,82.03,Check,0,Allison,2,Carl
587,3/28/2016,113.35,Cash,1,Beatrice,4,Erick
588,3/28/2016,13.06,Cash,2,Carl,0,Allison
589,3/28/2016,20.46,Cash,4,Erick,5,Florence
590,3/28/2016,132.75,Cash,5,Florence,4,Erick
591,3/28/2016,427.84,Cash,6,Gavin,3,Darren
592,3/29/2016,404.74,Cash,0,Allison,4,Erick
593,3/29/2016,195.15,Cash,1,Beatrice,4,Erick
594,3/29/2016,73.73,Check,2,Carl,0,Allison
595,3/29/2016,34.47,Cash,4,Erick,5,Florence
596,3/29/2016,82.74,Cash,5,Florence,6,Gavin
597,3/29/2016,503.66,Cash,6,Gavin,3,Darren
598,3/30/2016,405.61,Check,0,Allison,4,Erick
599,3/30/2016,781.23,Cash,1,Beatrice,4,Erick
600,3/30/2016,2447.09,Cash,2,Carl,0,Allison
601,3/30/2016,223.04,Check,4,Erick,0,Allison
602,3/30/2016,154.81,Cash,5,Florence,6,Gavin
603,3/30/2016,306.34,Cash,6,Gavin,1,Beatrice
604,3/31/2016,19.16,Cash,0,Allison,2,Carl
605,3/31/2016,138.47,Cash,1,Beatrice,4,Erick
606,3/31/2016,972.45,Check,2,Carl,0,Allison
607,3/31/2016,1291.59,Cash,4,Erick,0,Allison
608,3/31/2016,328.96,Check,5,Florence,4,Erick
609,3/31/2016,29.13,Cash,6,Gavin,3,Darren
610,4/1/2016,0.06,Cash,0,Allison,4,Erick
611,4/1/2016,551.12,Cash,1,Beatrice,6,Gavin
612,4/1/2016,34.07,Cash,2,Carl,0,Allison
613,4/1/2016,4631.1,Cash,4,Erick,0,Allison
614,4/1/2016,84.01,Check,5,Florence,4,Erick
615,4/1/2016,15.7,Cash,6,Gavin,1,Beatrice
616,4/2/2016,34.1,Cash,0,Allison,2,Carl
617,4/2/2016,14.62,Cash,1,Beatrice,4,Erick
618,4/2/2016,50.82,Cash,2,Carl,0,Allison
619,4/2/2016,2.28,Cash,4,Erick,0,Allison
620,4/2/2016,16.23,Check,5,Florence,4,Erick
621,4/2/2016,6.33,Cash,6,Gavin,3,Darren
622,4/3/2016,4.92,Cash,0,Allison,2,Carl
623,4/3/2016,1.33,Cash,1,Beatrice,6,Gavin
624,4/3/2016,222.44,Cash,2,Carl,0,Allison
625,4/3/2016,178.95,Check,4,Erick,0,Allison
626,4/3/2016,659.64,Check,5,Florence,4,Erick
627,4/3/2016,17.26,Check,6,Gavin,3,Darren
628,4/4/2016,59.36,Check,0,Allison,2,Carl
629,4/4/2016,2374.33,Check,1,Beatrice,4,Erick
630,4/4/2016,341.17,Cash,2,Carl,0,Allison
631,4/4/2016,6396.86,Cash,4,Erick,0,Allison
632,4/4/2016,155.34,Check,5,Florence,4,Erick
633,4/4/2016,45.58,Cash,6,Gavin,3,Darren
634,4/5/2016,225.31,Check,0,Allison,2,Carl
635,4/5/2016,93.09,Check,1,Beatrice,4,Erick
636,4/5/2016,0.12,Cash,2,Carl,0,Allison
637,4/5/2016,59.39,Cash,4,Erick,0,Allison
638,4/5/2016,733.72,Check,5,Florence,4,Erick
639,4/5/2016,160.31,Cash,6,Gavin,3,Darren
640,4/6/2016,21.67,Cash,0,Allison,2,Carl
641,4/6/2016,5973.86,Check,1,Beatrice,6,Gavin
642,4/6/2016,14.89,Check,2,Carl,0,Allison
643,4/6/2016,7260.12,Cash,4,Erick,0,Allison
644,4/6/2016,452.77,Cash,5,Florence,4,Erick
645,4/6/2016,46.19,Cash,6,Gavin,1,Beatrice
646,4/7/2016,521.84,Check,0,Allison,4,Erick
647,4/7/2016,428.78,Check,1,Beatrice,6,Gavin
648,4/7/2016,3829.28,Cash,2,Carl,0,Allison
649,4/7/2016,728.04,Check,5,Florence,4,Erick
650,4/7/2016,361.98,Cash,6,Gavin,3,Darren
651,4/8/2016,30.91,Cash,0,Allison,2,Carl
652,4/8/2016,535.48,Cash,1,Beatrice,6,Gavin
653,4/8/2016,4.82,Cash,2,Carl,0,Allison
654,4/8/2016,9.54,Cash,5,Florence,4,Erick
655,4/8/2016,213.82,Cash,6,Gavin,3,Darren
656,4/9/2016,17.1,Check,0,Allison,2,Carl
657,4/9/2016,3333.21,Cash,1,Beatrice,6,Gavin
658,4/9/2016,74.13,Cash,2,Carl,0,Allison
659,4/9/2016,19.7,Cash,5,Florence,4,Erick
660,4/9/2016,5435.84,Cash,6,Gavin,3,Darren
661,4/10/2016,14.27,Cash,0,Allison,2,Carl
662,4/10/2016,37.43,Cash,1,Beatrice,4,Erick
663,4/10/2016,126.58,Cash,2,Carl,0,Allison
664,4/10/2016,269.98,Cash,5,Florence,4,Erick
665,4/10/2016,375.77,Cash,6,Gavin,3,Darren
666,4/11/2016,1636.09,Cash,0,Allison,4,Erick
667,4/11/2016,402.02,Check,1,Beatrice,4,Erick
668,4/11/2016,6.97,Cash,2,Carl,0,Allison
669,4/11/2016,9.2,Check,5,Florence,4,Erick
670,4/11/2016,70.91,Check,6,Gavin,3,Darren
671,4/12/2016,4.89,Cash,0,Allison,2,Carl
672,4/12/2016,76.94,Cash,1,Beatrice,4,Erick
673,4/12/2016,512.6,Check,2,Carl,0,Allison
674,4/12/2016,5538.36,Cash,5,Florence,4,Erick
675,4/12/2016,110.97,Cash,6,Gavin,1,Beatrice
676,4/13/2016,293.14,Check,0,Allison,4,Erick
677,4/13/2016,2114.02,Check,1,Beatrice,4,Erick
678,4/13/2016,47.33,Cash,2,Carl,0,Allison
679,4/13/2016,161.52,Check,5,Florence,4,Erick
680,4/13/2016,12.46,Cash,6,Gavin,3,Darren
681,4/14/2016,34.26,Cash,0,Allison,4,Erick
682,4/14/2016,4.86,Cash,1,Beatrice,4,Erick
683,4/14/2016,88,Cash,2,Carl,0,Allison
684,4/14/2016,4.79,Cash,5,Florence,4,Erick
685,4/14/2016,806.93,Check,6,Gavin,3,Darren
686,4/15/2016,263.17,Check,0,Allison,4,Erick
687,4/15/2016,1143.25,Check,1,Beatrice,4,Erick
688,4/15/2016,254.28,Cash,2,Carl,0,Allison
689,4/15/2016,524.55,Check,5,Florence,4,Erick
690,4/15/2016,1487.62,Check,6,Gavin,3,Darren
691,4/16/2016,4403.67,Cash,0,Allison,4,Erick
692,4/16/2016,82.13,Cash,1,Beatrice,6,Gavin
693,4/16/2016,25.15,Check,2,Carl,0,Allison
694,4/16/2016,9372.9,Check,5,Florence,4,Erick
695,4/16/2016,210.72,Cash,6,Gavin,1,Beatrice
696,4/17/2016,4.64,Cash,0,Allison,4,Erick
697,4/17/2016,402.87,Cash,1,Beatrice,6,Gavin
698,4/17/2016,4634.57,Check,2,Carl,0,Allison
699,4/17/2016,3.42,Cash,5,Florence,6,Gavin
700,4/17/2016,199.09,Cash,6,Gavin,3,Darren
701,4/18/2016,586.5,Check,0,Allison,4,Erick
702,4/18/2016,38.96,Check,1,Beatrice,6,Gavin
703,4/18/2016,161.86,Cash,2,Carl,0,Allison
704,4/18/2016,20.34,Cash,5,Florence,4,Erick
705,4/19/2016,375.02,Cash,0,Allison,2,Carl
706,4/19/2016,0.15,Cash,1,Beatrice,6,Gavin
707,4/19/2016,0.68,Check,2,Carl,0,Allison
708,4/19/2016,2668.51,Cash,5,Florence,6,Gavin
709,4/20/2016,270.39,Cash,0,Allison,4,Erick
710,4/20/2016,150.58,Check,1,Beatrice,4,Erick
711,4/20/2016,36.8,Cash,2,Carl,0,Allison
712,4/20/2016,53.3,Cash,5,Florence,6,Gavin
713,4/21/2016,7716.75,Check,0,Allison,2,Carl
714,4/21/2016,687.76,Check,1,Beatrice,6,Gavin
715,4/21/2016,4.08,Cash,2,Carl,0,Allison
716,4/21/2016,142.69,Cash,5,Florence,4,Erick
717,4/22/2016,16.41,Cash,0,Allison,4,Erick
718,4/22/2016,53.45,Cash,1,Beatrice,3,Darren
719,4/22/2016,5.99,Cash,2,Carl,0,Allison
720,4/22/2016,133.84,Cash,5,Florence,4,Erick
721,4/23/2016,668.09,Check,0,Allison,4,Erick
722,4/23/2016,166.86,Check,1,Beatrice,6,Gavin
723,4/23/2016,11.82,Cash,2,Carl,0,Allison
724,4/23/2016,56.64,Cash,5,Florence,4,Erick
725,4/24/2016,23.02,Cash,0,Allison,2,Carl
726,4/24/2016,585.33,Cash,1,Beatrice,6,Gavin
727,4/24/2016,1516.81,Cash,2,Carl,0,Allison
728,4/24/2016,2.44,Cash,5,Florence,6,Gavin
729,4/25/2016,35.69,Check,0,Allison,2,Carl
730,4/25/2016,83.4,Cash,1,Beatrice,4,Erick
731,4/25/2016,523.1,Cash,2,Carl,0,Allison
732,4/25/2016,5.14,Check,5,Florence,4,Erick
733,4/26/2016,536.06,Cash,0,Allison,2,Carl
734,4/26/2016,35.12,Check,1,Beatrice,3,Darren
735,4/26/2016,892.15,Cash,2,Carl,0,Allison
736,4/26/2016,16.45,Cash,5,Florence,4,Erick
737,4/27/2016,2497.17,Cash,0,Allison,4,Erick
738,4/27/2016,165.94,Check,1,Beatrice,6,Gavin
739,4/27/2016,1.25,Cash,2,Carl,0,Allison
740,4/27/2016,229.83,Check,5,Florence,6,Gavin
741,4/28/2016,62.87,Cash,0,Allison,4,Erick
742,4/28/2016,5.07,Cash,1,Beatrice,4,Erick
743,4/28/2016,40.3,Check,2,Carl,0,Allison
744,4/28/2016,131.61,Check,5,Florence,4,Erick
745,4/29/2016,5649.21,Check,0,Allison,2,Carl
746,4/29/2016,110.57,Cash,1,Beatrice,6,Gavin
747,4/29/2016,796.97,Cash,2,Carl,0,Allison
748,4/29/2016,261.74,Check,5,Florence,4,Erick
749,4/30/2016,1023.7,Cash,0,Allison,4,Erick
750,4/30/2016,2.31,Cash,1,Beatrice,6,Gavin
751,4/30/2016,215.51,Cash,2,Carl,0,Allison
752,4/30/2016,231.75,Cash,5,Florence,4,Erick
753,5/1/2016,2600.25,Cash,0,Allison,2,Carl
754,5/1/2016,5171.59,Check,1,Beatrice,6,Gavin
755,5/1/2016,1.45,Check,2,Carl,0,Allison
756,5/1/2016,105.73,Cash,5,Florence,6,Gavin
757,5/2/2016,2159,Cash,0,Allison,4,Erick
758,5/2/2016,198.27,Cash,1,Beatrice,6,Gavin
759,5/2/2016,85.24,Cash,2,Carl,0,Allison
760,5/2/2016,309.57,Check,5,Florence,4,Erick
761,5/3/2016,24.89,Cash,0,Allison,4,Erick
762,5/3/2016,562.47,Cash,1,Beatrice,6,Gavin
763,5/3/2016,207.63,Cash,2,Carl,0,Allison
764,5/3/2016,270.46,Check,5,Florence,6,Gavin
765,5/4/2016,625.27,Cash,0,Allison,4,Erick
766,5/4/2016,135.64,Cash,1,Beatrice,4,Erick
767,5/4/2016,106.63,Cash,2,Carl,0,Allison
768,5/4/2016,379.2,Check,5,Florence,4,Erick
769,5/5/2016,89.08,Cash,1,Beatrice,6,Gavin
770,5/5/2016,42.12,Cash,2,Carl,0,Allison
771,5/5/2016,6.6,Cash,5,Florence,4,Erick
772,5/6/2016,46.36,Cash,1,Beatrice,6,Gavin
773,5/6/2016,1.82,Cash,2,Carl,0,Allison
774,5/6/2016,7814.13,Cash,5,Florence,4,Erick
775,5/7/2016,75.63,Cash,1,Beatrice,6,Gavin
776,5/7/2016,68.05,Check,2,Carl,0,Allison
777,5/7/2016,57.16,Cash,5,Florence,4,Erick
778,5/8/2016,66.33,Cash,1,Beatrice,6,Gavin
779,5/8/2016,39.6,Cash,2,Carl,0,Allison
780,5/8/2016,14.2,Cash,5,Florence,4,Erick
781,5/9/2016,628.34,Cash,1,Beatrice,6,Gavin
782,5/9/2016,24.48,Check,2,Carl,0,Allison
783,5/9/2016,162.5,Cash,5,Florence,4,Erick
784,5/10/2016,194.52,Check,1,Beatrice,4,Erick
785,5/10/2016,284.33,Cash,2,Carl,0,Allison
786,5/10/2016,3656.87,Cash,5,Florence,4,Erick
787,5/11/2016,15.64,Cash,1,Beatrice,6,Gavin
788,5/11/2016,316.68,Cash,2,Carl,0,Allison
789,5/11/2016,6.44,Cash,5,Florence,4,Erick
790,5/12/2016,621.84,Cash,1,Beatrice,4,Erick
791,5/12/2016,2241.55,Check,2,Carl,0,Allison
792,5/12/2016,7139.76,Cash,5,Florence,4,Erick
793,5/13/2016,49.49,Cash,1,Beatrice,6,Gavin
794,5/13/2016,6.73,Cash,2,Carl,0,Allison
795,5/13/2016,65.39,Cash,5,Florence,4,Erick
796,5/14/2016,122.25,Cash,1,Beatrice,6,Gavin
797,5/14/2016,431.27,Check,2,Carl,0,Allison
798,5/14/2016,747.21,Cash,5,Florence,6,Gavin
799,5/15/2016,51.61,Check,1,Beatrice,6,Gavin
800,5/15/2016,327.7,Check,2,Carl,0,Allison
801,5/15/2016,1612.5,Check,5,Florence,4,Erick
802,5/16/2016,101.25,Check,1,Beatrice,6,Gavin
803,5/16/2016,57.79,Cash,2,Carl,0,Allison
804,5/16/2016,3509.45,Cash,5,Florence,6,Gavin
805,5/17/2016,121.55,Check,1,Beatrice,4,Erick
806,5/17/2016,8.45,Cash,2,Carl,0,Allison
807,5/17/2016,63.26,Cash,5,Florence,4,Erick
808,5/18/2016,0.21,Cash,1,Beatrice,6,Gavin
809,5/18/2016,0.38,Cash,2,Carl,0,Allison
810,5/18/2016,44.59,Cash,5,Florence,4,Erick
811,5/19/2016,5401.53,Check,1,Beatrice,4,Erick
812,5/19/2016,28.24,Cash,2,Carl,0,Allison
813,5/19/2016,1.74,Cash,5,Florence,4,Erick
814,5/20/2016,52.36,Check,1,Beatrice,4,Erick
815,5/20/2016,760.05,Check,2,Carl,0,Allison
816,5/20/2016,203.11,Cash,5,Florence,6,Gavin
817,5/21/2016,21.67,Cash,1,Beatrice,4,Erick
818,5/21/2016,16.38,Cash,2,Carl,0,Allison
819,5/21/2016,398.24,Cash,5,Florence,6,Gavin
820,5/22/2016,402.51,Cash,1,Beatrice,4,Erick
821,5/22/2016,161.01,Cash,2,Carl,0,Allison
822,5/22/2016,117.02,Check,5,Florence,6,Gavin
823,5/23/2016,26.34,Cash,1,Beatrice,6,Gavin
824,5/23/2016,746.17,Cash,2,Carl,0,Allison
825,5/23/2016,59.56,Cash,5,Florence,6,Gavin
826,5/24/2016,158.54,Cash,1,Beatrice,4,Erick
827,5/24/2016,2770.61,Cash,2,Carl,0,Allison
828,5/24/2016,81.07,Cash,5,Florence,6,Gavin
829,5/25/2016,56.86,Cash,1,Beatrice,4,Erick
830,5/25/2016,43.95,Cash,2,Carl,0,Allison
831,5/25/2016,741.67,Check,5,Florence,6,Gavin
832,5/26/2016,107.86,Cash,1,Beatrice,4,Erick
833,5/26/2016,3675.62,Check,2,Carl,0,Allison
834,5/26/2016,581.14,Cash,5,Florence,4,Erick
835,5/27/2016,5536.64,Cash,1,Beatrice,4,Erick
836,5/27/2016,92.2,Cash,2,Carl,0,Allison
837,5/27/2016,19.36,Cash,5,Florence,6,Gavin
838,5/28/2016,35.88,Cash,1,Beatrice,4,Erick
839,5/28/2016,48.74,Cash,2,Carl,0,Allison
840,5/28/2016,531.37,Cash,5,Florence,4,Erick
841,5/29/2016,50.24,Cash,1,Beatrice,6,Gavin
842,5/29/2016,39.43,Cash,2,Carl,0,Allison
843,5/29/2016,52.97,Cash,5,Florence,4,Erick
844,5/30/2016,262.22,Check,1,Beatrice,4,Erick
845,5/30/2016,530.1,Cash,2,Carl,0,Allison
846,5/30/2016,104.92,Check,5,Florence,4,Erick
847,5/31/2016,540.73,Check,1,Beatrice,6,Gavin
848,5/31/2016,244.03,Check,2,Carl,0,Allison
849,5/31/2016,44.85,Cash,5,Florence,4,Erick
850,6/1/2016,72.6,Cash,1,Beatrice,4,Erick
851,6/1/2016,3.94,Cash,2,Carl,0,Allison
852,6/1/2016,69.28,Cash,5,Florence,4,Erick
853,6/2/2016,203.74,Cash,1,Beatrice,6,Gavin
854,6/2/2016,5143.55,Cash,2,Carl,0,Allison
855,6/2/2016,158.47,Cash,5,Florence,6,Gavin
856,6/3/2016,615.8,Cash,1,Beatrice,6,Gavin
857,6/3/2016,126.15,Check,2,Carl,0,Allison
858,6/3/2016,6356.29,Cash,5,Florence,4,Erick
859,6/4/2016,139.47,Check,1,Beatrice,6,Gavin
860,6/4/2016,2603.02,Cash,2,Carl,0,Allison
861,6/4/2016,72.02,Check,5,Florence,4,Erick
862,6/5/2016,17.79,Cash,1,Beatrice,4,Erick
863,6/5/2016,505.41,Check,2,Carl,0,Allison
864,6/5/2016,21.4,Check,5,Florence,6,Gavin
865,6/6/2016,60.17,Cash,1,Beatrice,3,Darren
866,6/6/2016,45,Cash,2,Carl,0,Allison
867,6/6/2016,1.46,Cash,5,Florence,4,Erick
868,6/7/2016,412.8,Cash,1,Beatrice,4,Erick
869,6/7/2016,6970.16,Cash,2,Carl,0,Allison
870,6/7/2016,1515.6,Cash,5,Florence,4,Erick
871,6/8/2016,267.76,Cash,1,Beatrice,4,Erick
872,6/8/2016,634.18,Check,2,Carl,0,Allison
873,6/8/2016,304.05,Check,5,Florence,4,Erick
874,6/9/2016,16.74,Cash,1,Beatrice,4,Erick
875,6/9/2016,24.83,Cash,2,Carl,0,Allison
876,6/9/2016,17.34,Cash,5,Florence,4,Erick
877,6/10/2016,42.05,Cash,1,Beatrice,3,Darren
878,6/10/2016,2474.43,Check,2,Carl,0,Allison
879,6/10/2016,4432.18,Cash,5,Florence,6,Gavin
880,6/11/2016,121.83,Check,1,Beatrice,6,Gavin
881,6/11/2016,2564.53,Cash,2,Carl,0,Allison
882,6/11/2016,40.57,Check,5,Florence,4,Erick
883,6/12/2016,25.47,Cash,1,Beatrice,4,Erick
884,6/12/2016,45.03,Cash,5,Florence,6,Gavin
885,6/13/2016,4.84,Cash,1,Beatrice,4,Erick
886,6/13/2016,260.54,Cash,5,Florence,6,Gavin
887,6/14/2016,51.48,Check,1,Beatrice,3,Darren
888,6/14/2016,21.13,Check,5,Florence,4,Erick
889,6/15/2016,1976.82,Check,1,Beatrice,6,Gavin
890,6/15/2016,21.71,Cash,5,Florence,4,Erick
891,6/16/2016,16.55,Cash,1,Beatrice,6,Gavin
892,6/16/2016,2183.73,Check,5,Florence,6,Gavin
893,6/17/2016,4363.58,Check,1,Beatrice,6,Gavin
894,6/17/2016,4337.76,Check,5,Florence,6,Gavin
895,6/18/2016,1946.13,Cash,1,Beatrice,3,Darren
896,6/18/2016,22.92,Cash,5,Florence,6,Gavin
897,6/19/2016,3204.41,Check,1,Beatrice,3,Darren
898,6/19/2016,530.76,Check,5,Florence,4,Erick
899,6/20/2016,6997.39,Check,1,Beatrice,4,Erick
900,6/20/2016,2577.74,Check,5,Florence,6,Gavin
901,6/21/2016,8.23,Cash,1,Beatrice,4,Erick
902,6/21/2016,329.04,Check,5,Florence,6,Gavin
903,6/22/2016,38.87,Cash,1,Beatrice,6,Gavin
904,6/22/2016,25.79,Cash,5,Florence,6,Gavin
905,6/23/2016,612.93,Cash,1,Beatrice,4,Erick
906,6/23/2016,600.4,Check,5,Florence,4,Erick
907,6/24/2016,2775.27,Cash,1,Beatrice,6,Gavin
908,6/24/2016,84.67,Cash,5,Florence,4,Erick
909,6/25/2016,439.91,Check,1,Beatrice,3,Darren
910,6/25/2016,112.19,Check,5,Florence,4,Erick
911,6/26/2016,98.37,Cash,1,Beatrice,3,Darren
912,6/26/2016,87.25,Cash,5,Florence,4,Erick
913,6/27/2016,4531.84,Check,1,Beatrice,3,Darren
914,6/27/2016,219.63,Check,5,Florence,4,Erick
915,6/28/2016,53.62,Cash,1,Beatrice,6,Gavin
916,6/28/2016,313.3,Check,5,Florence,4,Erick
917,6/29/2016,770.45,Cash,1,Beatrice,6,Gavin
918,6/29/2016,10.4,Cash,5,Florence,4,Erick
919,6/30/2016,496.99,Cash,1,Beatrice,6,Gavin
920,6/30/2016,26.56,Check,5,Florence,4,Erick
921,7/1/2016,27.63,Check,1,Beatrice,4,Erick
922,7/1/2016,604.4,Check,5,Florence,4,Erick
923,7/2/2016,1,Cash,1,Beatrice,6,Gavin
924,7/2/2016,1.84,Cash,5,Florence,6,Gavin
925,7/3/2016,866.44,Check,1,Beatrice,4,Erick
926,7/3/2016,13.89,Cash,5,Florence,4,Erick
927,7/4/2016,313.15,Cash,5,Florence,4,Erick
928,7/5/2016,5494.67,Cash,5,Florence,4,Erick
929,7/6/2016,25.4,Check,5,Florence,4,Erick
930,7/7/2016,5906.43,Cash,5,Florence,6,Gavin
931,7/8/2016,3.27,Cash,5,Florence,6,Gavin
932,7/9/2016,3226.59,Check,5,Florence,6,Gavin
933,7/10/2016,88.19,Cash,5,Florence,4,Erick
934,7/11/2016,44.32,Check,5,Florence,6,Gavin
935,7/12/2016,0.8,Check,5,Florence,6,Gavin
936,7/13/2016,20.38,Cash,5,Florence,4,Erick
937,7/14/2016,2122.33,Check,5,Florence,6,Gavin
938,7/15/2016,835.75,Check,5,Florence,6,Gavin
939,7/16/2016,1.51,Cash,5,Florence,4,Erick
940,7/17/2016,310.93,Check,5,Florence,6,Gavin
941,7/18/2016,1.03,Cash,5,Florence,4,Erick
942,7/19/2016,26.19,Cash,5,Florence,6,Gavin
943,7/20/2016,10.66,Cash,5,Florence,4,Erick
944,7/21/2016,163.07,Cash,5,Florence,6,Gavin
945,7/22/2016,4.37,Check,5,Florence,4,Erick
946,7/23/2016,203.21,Check,5,Florence,4,Erick
947,7/24/2016,4558.62,Check,5,Florence,4,Erick
948,7/25/2016,421.23,Cash,5,Florence,6,Gavin
949,7/26/2016,9.63,Cash,5,Florence,4,Erick
950,7/27/2016,2369.86,Cash,5,Florence,4,Erick
951,7/28/2016,2814.32,Cash,5,Florence,4,Erick
952,7/29/2016,44.51,Cash,5,Florence,6,Gavin
953,7/30/2016,385.08,Cash,5,Florence,4,Erick
954,7/31/2016,25.1,Cash,5,Florence,4,Erick
955,8/1/2016,714.98,Cash,5,Florence,4,Erick
956,8/2/2016,466.18,Check,5,Florence,4,Erick
957,8/3/2016,399.16,Check,5,Florence,6,Gavin
958,8/4/2016,361.74,Check,5,Florence,4,Erick
959,8/5/2016,5.54,Cash,5,Florence,6,Gavin
960,8/6/2016,1.28,Cash,5,Florence,4,Erick
961,8/7/2016,2653.1,Check,5,Florence,4,Erick
962,8/8/2016,17.77,Cash,5,Florence,4,Erick
963,8/9/2016,551.16,Check,5,Florence,6,Gavin
964,8/10/2016,57.11,Cash,5,Florence,4,Erick
965,8/11/2016,262.46,Cash,5,Florence,4,Erick
966,8/12/2016,26.24,Cash,5,Florence,6,Gavin
967,8/13/2016,12.52,Check,5,Florence,4,Erick
968,8/14/2016,3337.49,Check,5,Florence,4,Erick
969,8/15/2016,72.56,Check,5,Florence,4,Erick
970,8/16/2016,5.14,Cash,5,Florence,4,Erick
971,8/17/2016,547.12,Cash,5,Florence,6,Gavin
972,8/18/2016,302.12,Check,5,Florence,4,Erick
973,8/19/2016,528.65,Cash,5,Florence,4,Erick
974,8/20/2016,6328.25,Cash,5,Florence,4,Erick
975,8/21/2016,120.25,Check,5,Florence,6,Gavin
976,8/22/2016,728.16,Cash,5,Florence,4,Erick
977,8/23/2016,404.85,Cash,5,Florence,4,Erick
978,8/24/2016,267.41,Check,5,Florence,6,Gavin
979,8/25/2016,2.12,Cash,5,Florence,4,Erick
980,8/26/2016,17.76,Cash,5,Florence,4,Erick
981,8/27/2016,372.4,Cash,5,Florence,6,Gavin
982,8/28/2016,2255.44,Check,5,Florence,4,Erick
983,8/29/2016,402.4,Check,5,Florence,6,Gavin
984,8/30/2016,346.43,Cash,5,Florence,6,Gavin
985,8/31/2016,2967.49,Check,5,Florence,4,Erick
986,9/1/2016,358.97,Check,5,Florence,4,Erick
987,9/2/2016,8.42,Cash,5,Florence,4,Erick
988,9/3/2016,78.18,Check,5,Florence,6,Gavin
989,9/4/2016,13.54,Cash,5,Florence,4,Erick
990,9/5/2016,41.34,Cash,5,Florence,6,Gavin
991,9/6/2016,63.28,Cash,5,Florence,6,Gavin
992,9/7/2016,14.94,Cash,5,Florence,4,Erick
993,9/8/2016,453.12,Cash,5,Florence,4,Erick
994,9/9/2016,183.8,Cash,5,Florence,4,Erick
995,9/10/2016,2575.91,Cash,5,Florence,4,Erick
996,9/11/2016,58.48,Cash,5,Florence,4,Erick
997,9/12/2016,79.22,Check,5,Florence,4,Erick
998,9/13/2016,52.46,Cash,5,Florence,4,Erick
999,9/14/2016,62.37,Cash,5,Florence,4,Erick
1000,9/15/2016,3.05,Check,5,Florence,6,Gavin
